{"cameraMode":{"drawMode":0,"name":"Shaded","section":"Shading Mode"},"sceneLighting":true,"audioPlay":false,"sceneViewState":{"showFog":true,"showMaterialUpdate":false,"showSkybox":true,"showFlares":true,"showImageEffects":true,"showParticleSystems":true},"in2DMode":false,"pivot":{"x":-0.10831917822360993,"y":-0.7171658277511597,"z":-0.14577436447143556},"rotation":{"x":-0.228891983628273,"y":0.054574307054281238,"z":-0.012853721156716347,"w":-0.9718358516693115},"size":6.372910022735596,"orthographic":false}