{"cameraMode":{"drawMode":0,"name":"Shaded","section":"Shading Mode"},"sceneLighting":true,"audioPlay":false,"sceneViewState":{"showFog":true,"showMaterialUpdate":false,"showSkybox":true,"showFlares":true,"showImageEffects":true,"showParticleSystems":true},"in2DMode":false,"pivot":{"x":-0.07500028610229492,"y":-4.199999809265137,"z":0.07499980926513672},"rotation":{"x":-0.20870055258274079,"y":0.024051930755376817,"z":-0.005134388338774443,"w":-0.9776703119277954},"size":NaN,"orthographic":false}