{"cameraMode":{"drawMode":0,"name":"Shaded","section":"Shading Mode"},"sceneLighting":true,"audioPlay":false,"sceneViewState":{"showFog":true,"showMaterialUpdate":false,"showSkybox":true,"showFlares":true,"showImageEffects":true,"showParticleSystems":true},"in2DMode":false,"pivot":{"x":187.93804931640626,"y":32.75351333618164,"z":4.516845703125},"rotation":{"x":0.12297526001930237,"y":0.01965967006981373,"z":-0.002436335664242506,"w":0.9922120571136475},"size":541.745361328125,"orthographic":false}