{"cameraMode":{"drawMode":0,"name":"Shaded","section":"Shading Mode"},"sceneLighting":true,"audioPlay":false,"sceneViewState":{"showFog":true,"showMaterialUpdate":false,"showSkybox":true,"showFlares":true,"showImageEffects":true,"showParticleSystems":true},"in2DMode":false,"pivot":{"x":-2.7149617671966554,"y":-4.92768669128418,"z":15.477245330810547},"rotation":{"x":0.149718776345253,"y":-0.018971165642142297,"z":0.0028735315427184107,"w":0.9885424375534058},"size":61.803829193115237,"orthographic":false}